{"cameraMode":{"drawMode":0,"name":"Shaded","section":"Shading Mode"},"sceneLighting":false,"audioPlay":false,"sceneViewState":{"showFog":true,"showMaterialUpdate":false,"showSkybox":false,"showFlares":true,"showImageEffects":true,"showParticleSystems":true},"in2DMode":false,"pivot":{"x":1.3379324674606324,"y":0.5453696250915527,"z":1.6109604835510255},"rotation":{"x":-0.12856143712997437,"y":-0.8095369338989258,"z":0.19296666979789735,"w":-0.5393429398536682},"size":0.657124400138855,"orthographic":true}