{"cameraMode":{"drawMode":0,"name":"Shaded","section":"Shading Mode"},"sceneLighting":true,"audioPlay":false,"sceneViewState":{"showFog":true,"showMaterialUpdate":false,"showSkybox":true,"showFlares":true,"showImageEffects":true,"showParticleSystems":true},"in2DMode":false,"pivot":{"x":-94.19999694824219,"y":60.79999923706055,"z":-77.69999694824219},"rotation":{"x":-0.12856143712997437,"y":-0.8095369338989258,"z":0.19296666979789735,"w":-0.5393429398536682},"size":188.09527587890626,"orthographic":true}